Variable,Importancia
HighBP,0.564213
GenHlth,0.10689439
HighChol,0.07691825
DiffWalk,0.04650654
Age,0.039758153
BMI,0.038008828
HeartDiseaseorAttack,0.034799807
CholCheck,0.021275975
HvyAlcoholConsump,0.019363182
Income,0.01284306
Sex,0.011308019
Stroke,0.0056603844
Veggies,0.0036062337
Education,0.003041793
MentHlth,0.0029593222
