{
    "modelo": "XGBoost + class_weight",
    "modelo_base": "XGBoost",
    "balanceo": "class_weight",
    "threshold_default": 0.5,
    "threshold_final": 0.32967254519462585,
    "criterio": "Maximizar recall manteniendo Precision >= 0.25",
    "precision_minima": 0.25,
    "metricas_default": {
        "accuracy": 0.7207111321349732,
        "precision": 0.305973003989289,
        "recall": 0.7920497948790494,
        "f1": 0.44142226426994635
    },
    "metricas_threshold": {
        "accuracy": 0.6083451592557553,
        "precision": 0.25023411893241765,
        "recall": 0.9072004526807186,
        "f1": 0.39226840382909745
    }
}